ISBN	CORRECT?	RESULT
9780194420983	0	Practical English usage: [easier, faster reference]
9781589016811	1	Just War: Authority, Tradition, and Practice
9780415131315	0	Understanding educational research
9780130209870	1	Qualitative Research : A Personal Skills Approach
9780415266697	0	Issues in Art and Design Teaching (Issues in Subject Teaching)
9780435401511	1	Baby and Child Health
9781844450954	0	Professional studies: primary and early years
9781412920582	1	Cross-curricular Learning 3-14
9780854960965	1	Reconstruction in Post-War Germany: British Occupation Policy and the Western Zones, 1945-1955
9780131441422	1	Developing Management Skills
9780750706957	0	Coordinating art across the primary school
9780934894302	1	Quran: Visual Presentation of the Miracle
9780761930198	0	Information technology and the criminal justice system
9780810969292	1	Frank O. Gehry: The Art of Architecture
9780934894302	0	Quran: visual presentation of the miracle
9780837106212	1	The Ruhr
9780130323514	0	Financial Reporting and Analysis (2nd Edition)
9780140445008	1	The Lives of the Artists Volume 1
9781904313373	0	Katsura: imperial villa
9780761930198	1	Information Technology And The Criminal Justice System
9780868614595	0	Childcare in New Zealand: people, programmes, politics
9780743215329	1	Ending the Vietnam War
9780521251402	1	The Marshall Plan : America, Britain and the Reconstruction of Western Europe, 1947-1952
9780198781165	1	Classical Social Theory
9781845452230	0	Selling the economic miracle: economic reconstruction and politics in West Germany, 1949-1957
9780745649863	1	Essential Concepts in Sociology
9780195082081	0	Four sociological traditions
9780521097857	1	Capitalism and Modern Social Theory
9780340939970	1	Teach Yourself Marx
9781412930772	1	Understanding Media Economics
9783642006340	0	Green building: guidebook for sustainable architecture
9781450401616	1	Advanced Sports Nutrition
9780176502720	0	Cultural anthropology: a problem-based approach
9781430496762	1	Goethe's Literary Essays
9780170195218	1	Programming and Planning in Early Childhood Settings
9780955826511	1	Metastatic Spinal Cord Compression: Diagnosis and Management of Patients at Risk of or with Metastatic Spinal Cord Compression
9781444145465	0	Personal training: theory and practice
9780954007966	0	A2 Sociology: The Complete Course for the AQA Specification (Napier Press)
9780415341424	1	Strategies for Sustainable Architecture
9780803297746	0	Art and politics
9782454305030	1	Kissing Jessica Stein
9780195104486	1	International Monetary Cooperation Since Bretton Woods
9780415628938	0	Criminology (Volume 1)
9780028659947	1	International Dictionary of Psychoanalysis
9780340966617	0	Years of Russia, the USSR and the collapse of Soviet communism
9781741143904	0	The complete guide to food for sports performance: a guide to peak nutrition for your sport
9780525934554	0	Oates Joyce Carol: Black Water (Hbk)
9780743296946	1	The Fruit Hunters: A Story of Nature, Adventure, Commerce and Obsession
9780804709033	0	The origins of the Marshall plan
9780324360738	1	Global Business
9781408105382	0	The Complete Guide to Sports Nutrition (Complete Guides)
9780060722289	0	The falls: a novel
9780133249897	1	Fundamentals of Management: Essentials, Concepts and Applications
9780340808344	1	International English: A Guide to the Varieties of Standard English
9780135760178	1	Mental Health and Social Policy
9780806526485	1	The Sinking Of The Eastland: America's Forgotten Tragedy
9780412605109	1	Nursing Research: The Application of Qualitative Approaches
9781845072773	1	Death in a Nut
9781137347626	1	Development in Difficult Sociopolitical Contexts: Fragile, Failed, Pariah 
9780299149437	1	Post-Theory: Reconstructing Film Studies 
9780191553349	1	Paranoia: The 21st Century Fear
9781408174579	1	The Complete Guide to Sports Nutrition
9780571212989	0	Shepperton Babylon: the lost worlds of British cinema
9780415615556	1	The World of Physical Culture in Sport and Exercise: Visual Methods for Qualitative Research
9780313317910	1	The Dreyfus Affair
9780805825404	1	Critical Social Issues in American Education: Democracy and Meaning in a Globalizing World
9781118220108	0	Cognition: From Memory to Creativity: From Memory to Creativity
9780745623771	0	GENDER
9781447143994	0	Quad rotorcraft control vision-based hovering and navigation
9780273658047	0	Research Methods for Business Students FT Prentice Hall: Harlow Research methods for business students
9780333770368	1	Gender: Readers in Cultural Criticism
9781118220108	0	Cognition: From Memory to Creativity: From Memory to Creativity
9781447143994	1	Quad Rotorcraft Control
9780313317910	1	The Dreyfus Affair
9780300058864	1	Architecture in Britain, 1530-1830
9788185618395	0	Animal physiology
9780199596232	1	Foreign Policy: Theories, Actors, Cases
9780133240825	0	Magruder's American Government 2013 English Student Edition Grade 12
9780241950968	1	Ways of Curating
9780435449179	0	NVQ Level 3 Children's Care, Learning and Development: Candidate Handbook (S/NVQ Children's Care  Learning and Development)
9780585476117	1	Beyond Dichotomies: Histories, Identitities, Cultures, and the Challenge of Globalization
9789400768246	0	Gender and equestrian sport riding around the world
9780582437944	0	The horror film
9780675200127	0	Freedom to learn for the 80's
9780415586184	0	The global economics of sport
9781447143994	0	Quad rotorcraft control vision-based hovering and navigation
9780140436693	0	The prince and the pauper
9781861523716	0	Consumer psychology for marketing
9780077140007	1	Principles and Practice of Marketing
9780335193257	1	Using Discussion in Classrooms
9780857840196	0	The passivhaus handbook: a practical guide to constructing and retrofitting buildings for ultra-low energy performance
9780273750758	0	Research methods for business students
9781447143994		Quad rotorcraft control vision-based hovering and navigation
9780754631323		Pop Music: Technology and Creativity - Trevor Horn and the Digital Revolution
9780745009254		Feminisms: a reader
9780841911369		America's century: perspectives on U.S. history since 1900
9780805857177		The media handbook: a complete guide to advertising media selection, planning, research, and buying
9781405176019		Understanding children's development
9780809570973		Coping with Schizophrenia: A Guide for Sufferers, Family & Friends
9780261632400		The drugtakers: the social meaning of drug use
9781893554337		The Kinder, Gentler Military: How Political Correctness Affects Our Ability to Win Wars
9780534586539		American Government and Politics Today: The Essentials, 2002-2003
9781853433436		The politics of attachment: towards a secure society
9780226328690		Subversive Sounds: Race and the Birth of Jazz in New Orleans
9781410607553		The Media Handbook: A Complete Guide to Advertising Media Selection, Planning, Research, and Buying
9780273701484		Research methods for business students
9780805857177		The media handbook: a complete guide to advertising media selection, planning, research, and buying
9780313051357		Collision Course: NATO, Russia, and Kosovo
9780585055299		Recreational Terror: Women and the Pleasures of Horror Film Viewing
9789812049988		Too young to die: an Asian perspective on youth suicide
9780784701973		Union in Truth-Spec: An Interpretive History of the Restoration Movement
9780937932148		Force field analysis for problem solving and planning for the future
9780784701973		Union in Truth-Spec: An Interpretive History of the Restoration Movement
9780784701973		Union in Truth-Spec: An Interpretive History of the Restoration Movement
9780789466464		Eyewitness Travel Guide to Germany
9780631200529		Postmodernist culture: an introduction to theories of the contemporary
9781881893028		Hadith: a re-evaluation
9780860787129		The development of Islamic ritual
9781412935098		Key Methods in Geography
9780907757009		Hadith
9783540782650		International Trade Theory: Capital, Knowledge, Economic Structure, Money, and Prices Over Time
9782707167101		Sociologie des réseaux sociaux
9781412970884		Communicating for Managerial Effectiveness: Problems | Strategies | Solutions
9780761974925		Key methods in geography
9780979707605		Destination branding for small cities: the essentials for successful place branding
9780719009129		Leisure in Britain, 1780-1939
9780231500524		War Over Kosovo: Politics and Strategy in a Global Age
9780060191382		The Ten commandments: the
9780340738085		Child Care and Education
9780804754309		The material image: art and the real in film
9780140445565		The Odyssey
9783034300704		Echoes of history, shadowed identities: rewriting alterity in J. M. Coetzee's Foe and Marina Warner's Indigo
9780340967553		Complete psychology
5051275064025		Chilled House Classics (5051275064025)
9780754636434		The beginnings of a commercial sporting culture in Britain: 1793 - 1850
9780631164340		The language of news media
9780486411514		The World of Mathematics: Volume 4
9780769777184		TT 2004
9780814334669		The Russian folktale by Vladimir Yakovlevich Propp
9780765613158		Advertising, Promotion, and New Media
9780742547148		Doing Social Research
9780670843022		Manguel Alberto: History of Reading
9781405329729		Conception, pregnancy and birth: the childbirth bible for today's parents
9781901564006		In your hands: NLP in ELT
9780340967553		Complete psychology
9788858111659		Il mondo nella rete: quali i diritti, quali i vincoli
9780340967553		Complete psychology
9780671047641		Venice: Lion City: The Religion of Empire
9780750678377		The Adult Learner: Tthe Definitive Classic in Adult Education and Human Resource Development
9781405824675		Child observation for learning and research
9780345545954		The City
9780335204359		Supporting identity, diversity, and language in the early years
9780815342434		Janeway's immunobiology
9781405824675		Child observation for learning and research
9782843233784		Fashion and Surrealism
9780878939787		Developmental Biology
9780415501736		An introduction to criminological theory
9780230114890		Housework and housewives in modern American advertising: married to the mop
9780435456580		BTEC National in Public Services: Student Book Level 2 (BTEC National Uniformed Public Services)
9781593854577		Attachment in adulthood: structure, dynamics, and change
9780002182607		The football grounds of Great Britain
9781588265210		Peacekeeping in Sierra Leone: the story of UNAMSIL
9780203980583		Beyond Quality in Early Childhood Education and Care: Languages of Evaluation
9788807103926		La vita e le regole
9780313316715		Audience participation: essays on inclusion in performance
9780520203341		Grand design: Hollywood as a modern business enterprise, 1930 - 1939
9780720706420		Edwardians at play: sport, 1890-1914
9780141024691		The Arabs: a history
9781847060846		Exploring key issues in education
9780273787136		Consumer Behaviour, Global Edition: Global Edition
9780385347518		My Battle Against Hitler: Faith, Truth, and Defiance in the Shadow of the Third Reich
9780868407333		Essentials of construction project management
9781876633189		RE-Thinking Early Childhood, Theory and Practice
9780786111589		The Menace from Earth
9788205400078		Grunnleggende sykepleie. Grunnleggende behov
9780471258476		Lee Crohn'S Workshop A Global Assessment of Crohn'S Disease
9780231149020		Hollywood lighting from the silent era to film noir
9780684124025		Tunnel In The Snow
9780979966668		Glitch: designing imperfection
9780425034361		The Moon Is a Harsh Mistress
9780273787136		Consumer Behaviour, Global Edition: Global Edition
9781455135349		Assignment in eternity
9781845980054		Dignity on the ward: promoting dignity in hospital: a guide for hospital staff
9780750666343		Connected marketing: the viral, buzz and word of mouth revolution
9781408076705		Custom Org Beh Man Soc of Work
9780300138276		Macbeth
9782258003200		Polymath
9780826493408		Reflective Teaching 3rd Edition: Evidence-informed Professional Practice
9780333920305		People management: challenges and opportunities
9781405102995		Vladimir Putin and the Evolution of Russian Foreign Policy
9781848601970		Mathematics explained for primary teachers
9780879970895		Polymath
9780405105975		A psychological warfare casebook
9781574881943		Victory at any cost: the genius of Viet Nam's Gen. Vo Nguyen Giap
9780192616135		Imposing aid: emergency assistance to refugees
9780804750202		National differences, global similarities: world culture and the future of schooling
9780333923030		Sharing Our World 1: Living Together in Our Home and School: Pupil's Book
9780060530341		The Twentieth Century: A People's History
9780879970895		Polymath
9780394280356		Crossing the river
9780415945738		Problems of protection: the UNHCR, refugees, and human rights
9780813542577		The horror film
9780870032363		Russia: Lost in Transition: The Yeltsin and Putin Legacies
9781405144414		Essential midwifery practice: public health
9780470565476		On being a therapist
9780199290949		The state of the world's refugees 2006 human displacement in the new millennium
9780801487965		Condemned to repeat?: the paradox of humanitarian action
9781283275767		Social Work: An Introduction to Contemporary Practice
9780719056765		Gender, civic culture and consumerism: middle-class identity in Britain, 1800-1940
9780521572170		Sport, economy and society in Britain 1750-1914: prepared for the Economic History Society
9780335242627		Doing early childhood research: international perspectives on theory and practice
9780851708867		Genre and contemporary Hollywood
9780340967553		Complete psychology
9781403916204		Communication and Social Work
9781853839528		Internally displaced people: a global survey
9781435627956		Natural resource management for sustainable development in the Caribbean
9780966017670		The scientist and engineer's guide to digital signal processing
9780273718505		Research methods for nursing and healthcare
9780205198757		Child development
9780080879239		Population limitation in birds
9780321045225		Lifespan Development (3rd Edition)
9780273718505		Research methods for nursing and healthcare
9780335206995		Social work skills: a practice handbook
9781457639807		Understanding the American Promise: A History, Volume I: To 1877: A History of the United States
9781446282328		Communication and interpersonal skills in social work
9781584874508		The U.S. Army War College guide to national security issues
9780335239108		Essentials of Pharmacology for Nurses
9780123978042		Subsea engineering handbook
9780030328589		Lifespan development
9780582013186		The later medieval city, 1300-1500
9780205150274		Child development
9780123979292		Global sustainable communities handbook: green design technologies
9780582051287		English Medieval Town A Reader in English Urban History, 1200-1540
9780415880770		The employee-organization relationship: applications for the 21st century
9781550391428		The Girl With a Baby
9781550391428		The Girl With a Baby
9780849918223		Chronicles of the Cross: No Wonder They Call Him the Savior/Six Hours One Friday/And the Angels Were Silent
9780334029762		Theological Reflections: Methods: v. 1
9781856176897		Subsea structural engineering handbook
9781550391428		The Girl With a Baby
9780199269136		The employment relationship: examining psychological and contextual perspectives
9781550391428		The Girl With a Baby
9783861531425		DDR-Geschichte in Dokumenten: Beschlüsse, Berichte, interne Materialien und Alltagszeugnisse
9781845206673		Photography: the key concepts
9780140053975		On photography
9783893313075		DDR-Geschichte in Dokumenten: Beschlüsse, Berichte, interne Materialien und Alltagszeugnisse
9780073402727		Cooperative chemistry laboratory manual
9780199583409		Business Research Methods. Alan Bryman, Emma Bell
9780582215313		Sweet land of liberty?: the African-American struggle for civil rights in the twentieth century
9783893313075		DDR-Geschichte in Dokumenten: Beschlüsse, Berichte, interne Materialien und Alltagszeugnisse
9781550391428		The Girl With a Baby
9780273657989		Organisational behaviour: individuals, groups and organisation
9782940373376		Train your gaze: (a practical and theoretical introduction to portrait photography)
9782940373376		Train your gaze: (a practical and theoretical introduction to portrait photography)
9786074816044		Matemáticas aplicadas a los negocios, las ciencia sociales y de la vida
9781931868587		UPI Style Book and Guide to Newswriting
9781844454747		Child Development for Early Years Students and Practitioners
9780273711216		Work psychology: understanding human behaviour in the workplace
9780871205049		Classroom instruction that works: research-based strategies for increasing student achievement
9781847671127		A night out with Robert Burns: the greatest poems
9780061992704		Sh*t My Dad Says
9780194421812		SOCIOCULTURAL THEORY AND THE GENESIS OF SECOND LANGUAGE DEVELOPMENT
9781615838011		Subsea pipeline engineering
9780891952732		Beyond friendship: the future of Anglo-American relations
9781853590368		Dialect and education: some European perspectives
9780205844487		The developing child
9781405853118		The Practice of English Language Teaching with DVD
9780521431095		Input and interaction in language acquisition
9781292001012		Child development: theory and practice 0-11
9780786425785		Henry James against the aesthetic movement: essays on the middle and late fiction
9780747528302		Emotional intelligence: why it can matter more than IQ
9780443063732		The Roper Logan and Tierney Model Nursing: Based on Activities of Living
9780199972234		Warriors and worriers: the survival of the sexes
9780415201797		Gender: a sociological reader
9781107624955		Early childhood curriculum: planning, assessment, and implementation
9781451685985		The Importance of Being Earnest and Other Plays
9781849058988		A child's journey through placement
9780582431911		"The Ultimate Film Guides: ""Psycho"""
9780007208784		Collins Express English Dictionary
9780816611669		The postmodern condition: a report on knowledge
9781604136319		William Shakespeare - Comedies
9780199579044		Cases and materials on constitutional and administrative law
9780443102301		The evidence-based practice manual for nurses
9780877549222		"William Shakespeare's ""As You Like it"""
9780313311581		"""As You Like it"": A Guide to the Play"
9781405118330		Becoming a Reflective Practitioner
9780813349565		The New Urban Sociology
9781864700411		Designing with light and shadow
9780230293847		Social Work with Adults: Policy, Law, Theory, Research and Practice
9780814756607		Beyond the mountains of the damned: the war inside Kosovo
9781447122005		Wind Energy Conversion Systems: Technology and Trends
9780070973329		Principles of mathematics 10: teacher's resource book
9780123978042		Subsea engineering handbook
9780585353432		Language: Structure, Processing, and Disorders
9780199202959		Social research methods
9780240519722		Radio Production: A Manual for Broadcasters
9781439802458		Handbook of aqueous solubility data
9780766826786		Basic Infection Control for the Health Care Professional
9780679755579		In Europe's name: Germany and the divided continent
9780230292192		Spatial planning and governance: understanding UK planning
9781853029424		Advocacy and learning disability
9780141187426		Orientalism: Western Conceptions of the Orient
9780230216921		Mastering Communication
9781558762749		The African diaspora in the Mediterranean lands of Islam
9781901888997		Employability skills
9780911910131		Merck Index: an encyclopedia of chemicals, drugs, & biologicals: 13th ed
9780566091971		Understanding Work - Based Learning
9781403934345		Work Placements: A Survival Guide for Students (Palgrave Study Guides)
9783643901477		Immigration and German identity in the Federal Republic of Germany from 1945 to 2006
9781405195690		The care of wounds: a guide for nurses
9781412914468		Leadership in Nonprofit Organizations: Lessons from the Third Sector
9780749445591		Taking Minutes of Meetings (Creating Success)
9781558762749		The African diaspora in the Mediterranean lands of Islam
9780385339414		Hannibal rising
9780138210663		The sociology of religion
9781848601987		Understanding social enterprise: theory and practice
9780199202959		Social research methods
9780292731028		Texian Iliad: a military history of the Texas Revolution, 1835-1836
9781446282359		Reflective Practice: Writing and Professional Development
9780497253097		The Importance of Being Earnest
9780802118219		En attendant Godot = Waiting for Godot: tragicomedy in 2 acts
9780865439795		The African diaspora in the Indian Ocean
9780335205806		Work-based learning: a new higher education?
9780385299299		Hannibal (Hannibal Lecter Series #3)
9781446208182		Communication skills in health and social care
9780230250185		Skills for Success: The Personal Development Planning Handbook (Palgrave Study Guides)
9780195062830		Race and slavery in the Middle East: an historical enquiry
9780870707605		Tim Burton
9780802118219		En attendant Godot = Waiting for Godot: tragicomedy in 2 acts
9781841695808		Shell shock to PTSD: military psychiatry from 1900 to the Gulf War
9780759560413		A Second Chance at Eden a Second Chance at Eden
9780880332309		The unification of Germany, or, The anatomy of a peaceful revolution
9780749445478		How to Manage Meetings (The Sunday Time Creating Success)
9780404622787		"""Accompaninge the players"": essays celebrating Thomas Middleton, 1580-1980"
9780335234592		Understanding health inequalities
9781853260599		As You Like It
9780333993538		Promoting equality: challenging discrimination and oppression
9780198225867		Sport and the British: a modern history
9781843546610		The social entrepreneur: making communities work
9780007245956		Sociology: themes and perspectives
9780292730861		Texian iliad: a military history of the Texas Revolution, 1835-1836
9780333963876		Leadership: Limits and Possibilities
9780345496553		The Temporal Void
9781466571143		CRC handbook of chemistry and physics: a ready-reference book of chemical and physical data
9780300044157		Two germanies since 1945: east & west
9781845284732		A practical guide to mentoring: down to earth guidance on making mentoring work for you
9781853267499		Billy Budd & Other Stories (Wordsworth Classics) (Wordsworth Classics)
9781901341034		The Letters of Elizabeth Gaskell
9780195026474		The Self in social psychology
9780345496577		The Evolutionary Void
9780955297953		The Belbin guide to succeeding at work
9780679745402		Technopoly: the surrender of culture to technology
9780313343032		ADHD
9781596670112		Standards for Instructional Supervision: Enhancing Teaching and Learning: Enhancing Teaching and Learning
9780072307832		Teaching for musical understanding
9780345461667		Judas unchained
9780471957713		Psychology of pain
9781901888997		Employability skills
9780471449447		Valuation for mergers, buyouts, and restructuring
9780374155407		Five Germanys I Have Known
9781405118330		Becoming a Reflective Practitioner
9781446208182		Communication skills in health and social care
9781446267752		Qualitative text analysis: a guide to methods, practice and using software
9780300108842		The People's State: East German Society from Hitler to Honecker
9781403934345		Work Placements: A Survival Guide for Students (Palgrave Study Guides)
9781405088800		The dreaming void
9780954007959		AS Level Sociology: The Complete Course for the AQA Specification (The Complete Course for t...
9781934110140		François Truffaut: interviews
9780333922866		SPSS for social scientists
9780226264035		Essays in Positive Economics (Phoenix Books)
9780226264035		Essays in Positive Economics (Phoenix Books)
9780804721806		Sex Differences in Depression
9781446281994		Pain Management in Nursing Practice
9780814661536		Essays on early eastern eucharistic prayers: [based on a series of seminars for doctoral students in liturgical studies at the University of Notre Dame]
9780199556601		Strategic marketing: creating competitive advantage
9780340741535		The German question and the structure of Europe, 1800-1990
9780340741535		The German question and the structure of Europe, 1800-1990
9781852845674		Walking on Harris and Lewis: 30 routes in the Outer Hebrides
9780340741535		The German question and the structure of Europe, 1800-1990
9781932112061		ReelViews: the ultimate guide to the best 1,000 modern movies on DVD and video
9780415411790		Critical thinking: an exploration of theory and practice
9781844800353		Introducing Organizational Behaviour and Management
9780816424184		The shape of the liturgy
9781405846738		Perspectives on play: learning for life
9780520055773		Urban fortunes: the political economy of place
9781569802380		Murder of a Mafia daughter: the life and tragic death of Susan Berman
9781405846738		Perspectives on play: learning for life
9780412408700		Effective Communication Skills for Health Professionals (Therapy in practice)
9783931354145		Andy Warhol: Headshots - Essays by Bob Colacello
9780028653549		The Gale encyclopedia of public health
9783888147258		Andy Warhol, art from art
9780415297882		The managing care reader
9780714846675		Andy Warhol portraits
9780801880230		Globalizing Women: Transnational Feminist Networks
9781405846738		Perspectives on play: learning for life
9780844293806		Action for the '80s: a political, professional and public program for foreign language education
9780871203588		In search of understanding: the case for constructivist classrooms
9781607747307		The life-changing magic of tidying up: the Japanese art of decluttering and organizing
9782070116614		Écrits sur le théâtre
9780273685692		Effective Organisational Communication: Perspectives, Principles, and Practices
9780781753845		Nutrition and Diagnosis Related Care: Text and PDA CD-ROM Package
9780745316703		Political film: the dialectics of third cinema
9781905541157		The child and family in context: developing ecological practice in disadvantaged communities
9781843224655		My Advent Calendar Book
9781405393935		BMA concise guide to medicine and drugs
9780077862589		Organizational behavior
9780143039952		The Odyssey (Fagles translation)
9780521353618		Moral Philosophy from Montaigne to Kant: An Anthology: v.1
9781444334432		Fundamentals of anatomy and physiology for student nurses
9780415446013		The Routledge Physical Education Reader
9780262660686		The American design adventure: 1940-1975
9780701108014		The Genius and the Goddess
9781137030177		Construction technology: 1: house constru ction
9780713162523		The Medieval Reformation (Foundations of Medieval History)
9781844453689		Understanding Research for Nursing Students (Transforming Nursing Practice)
9781903575529		Social work theory: a straightforward guide for practice assessors and placement supervisors
9780849395499		Handbook of Membrane Separations: Chemical, Pharmaceutical, Food, and Biotechnological Applications
9780203014974		Ethical Issues in Social Work
9780813345321		Philosophy of Education
9781903575925		Social Work Theory: A Straightforward Guide for Practice Educators and Placement Supervisors
9780415128643		An Introduction to Vygotsky
9780062358684		Kid President's Guide to Being Awesome
9788360371763		Aspects of semantic transposition of words
9780826460127		Writing Your MBA Dissertation
9780761952145		Consumerism: as a way of life
9780275996772		The Psychology of Women at Work: Challenges and Solutions for Our Female Workforce, Volume 2, Obstacles and the Identity Juggle
9781613820162		Walden
9780547636450		The autistic brain: thinking across the spectrum
9780316098335		Room: a novel
9780669203486		The processes of technological innovation
9781464189951		Environmental Science for a Changing World (Canadian Edition) & Launchpad 12 Month Access Card
9780199565214		Strategic brand management
9780749448226		Improve Your Communication Skills (Creating Success)
9780743215527		The Bass handbook of leadership: theory, research, and managerial applications
9781594483172		The Kite Runner (Alex Awards (Awards))
9781901242027		Seminars in the psychiatry of learning disabilities
9780273716860		Research Methods for Business Students (5th Edition)
9781844800827		Business Research Projects
9780273753285		Integrated advertising, promotion, and marketing communications
9781292026480		Fundamentals of Anatomy & Physiolog+
9780273727910		Sociology: a global introduction
9781446281550		Web social science: concepts, data and tools for social scientists in the digital age
9780273752929		Advertising & IMC: principles & practice
9780700608645		Facing My Lai: moving beyond the massacre
9781605662725		Social Web Evolution: Integrating Semantic Applications and Web 2.0 Technologies
9781850656722		Inside Al Qae'da: global network of terror
9781137396341		Friendship and International Relations
9781593851286		The mindful way through depression: freeing yourself from chronic unhappiness
9780750662178		The Dynamics of Managing Diversity: A Critical Approach
9780073534664		America, Russia, and the Cold War, 1945-2006
9780723425908		Stuart and Sundeen's Mental Health Nursing: Principles and Practice: UK Version
9780521371018		Governing the commons: the evolution of institutions for collective action
9780323046763		Communication in nursing
9780582894150		Britain since 1707
9780840032652		Cognitive neuroscience
9780721606262		The practice of nursing research: conduct, critique, and utilization
9780816510573		Desert Solitaire: A Season in the Wilderness
9788483063132		La busqueda cientifica del alma, 2000
9780534559014		Criminal Justice in America
9780385477925		Thinking in pictures: and other reports from my life with autism
9788437604657		La Dama del Alba (The Lady of the Dawn)
9780736938563		Successful Women Think Differently: 9 Habits to Make You Happier, Healthier, and More Resilient
9780345461629		Pandora's star
9780199568758		A dictionary of media and communication
9780415686754		Singapore, the Energy Economy: From the First Refinery to the End of Cheap Oil, 1960-2010
9780060105884		Leadership
9780716795865		Fundamentals of Human Neuropsychology
9788437604657		La Dama del Alba (The Lady of the Dawn)
9780060105884		Leadership
9780333900703		Misspent Youth
86831012993		Love Finds You in Sugarcreek, Ohio
9780130175984		Management of organizational behavior: leading human resources
9780781793834		Fundamentals of nursing: the art and science of nursing care
9780199930159		A modern history of Japan: from Tokugawa times to the present
9780070401891		Managerial accounting
9780029222904		Social Structure
9780446605182		The Naked God Pt. 2: Faith
9781405725354		The Children Act in practice
9780857021571		Teaching primary English
9780073269474		Psychology the Science of Mind and Behavior Third Edition
9780333669358		The Neutronium Alchemist (Night's Dawn Trilogy)
9780130175984		Management of organizational behavior: leading human resources
9781847622785		A2-level Sociology AQA Revision Guide (A2 Level Aqa Revision Guides)
9780060105884		Leadership
9789027299932		Individual differences in conscious experience
9780374280659		The male body: a new look at men in public and in private
9780205072286		Teaching / Discipline: a positive approach for educational development
9780515134452		Blue Moon (Anita Blake Vampire Hunter Series #8)
9780333777930		Services marketing: text and cases
9781101079478		The Laughing Corpse (Anita Blake Vampire Hunter Series #2)
9780195315882		Glorious Cause: The American Revolution, 1763-1789, Vol. 3
9781849052245		Mastering approaches to diversity in social work
9780415040105		The domestication of women: discrimination in developing societies
9780425181683		Narcissus in chains
9780425181683		Narcissus in chains
9781403945631		International business: challenges in a changing world
9780345423399		A kiss of shadows
9780853128588		Beliefs and Ideologies
9781137396341		Friendship and International Relations
9780199644186		Public law: text, cases, and materials
9780113228171		Mental Capacity Act 2005: deprivation of liberty safeguards: Code of Practice to supplement the main Mental Capacity Act 2005 Code of Practice: laid before Parliament in draft June 2008, pursuant to sections 42 and 43 of the Act
9780800626631		I am a Palestinian Christian
9780515134513		The killing dance
9780415192866		Feminism: critical concepts in literary and cultural studies
9780805863819		An integrated approach to communication theory and research
9780240808765		Write to TV: out of your head and onto the screen
9780441007813		Obsidian Butterfly: An Anita Blake Vampire Hunter Novel
9781848138513		Revolting subjects: social abjection and resistance in neoliberal Britain
9781844452941		The Mental Capacity ACT 2005: A Guide for Practice: Second Edition
9780072402414		Introduction to mechatronics and measurement systems
9780443101915		The nursing process: a global concept
9780007245956		Sociology: themes and perspectives
9780415567350		Global politics and the responsibility to protect: from words to deeds
9780333663233		Marketing: an introductory text
9781412931274		Cultural criminology: an invitation
9780393925531		Introduction to Sociology
9780441003747		Bloody bones
9780748798322		AQA Sociology A2: Student's Book
9781900828246		You can find inspiration in everything*: *and if you can't, look again
9781904385035		City limits: crime, consumer culture and the urban experience
9780803619098		Application of nursing process and nursing diagnosis: an interactive text for diagnostic reasoning
9780748798322		AQA Sociology A2: Student's Book
9780745625744		Education in Britain: 1944 to the present
9780313316050		Adrienne Rich: the moment of change
9781417667307		Burnt Offerings
9781415920947		The Voice of the Poet: Adrienne Rich
9780971880108		Wild Animus: A Novel
9780199651849		Criminology
9780521404419		Evangelical eucharistic thought in the Church of England
9780954007959		AS Level Sociology: The Complete Course for the AQA Specification (The Complete Course for t...
9780345478160		A Caress of Twilight (Meredith Gentry Series #2)
9781588266965		Civil society and peacebuilding: a critical assessment
9780335236213		The media in contemporary France
9780340743324		AS and A2 level sociology
9780435331603		Sociology in Perspective AQA Edition Student Book
9780748798322		AQA Sociology A2: Student's Book
9780028243146		Merrill advanced mathematical concepts precalculus with applications
9780135097557		Project management: achieving competitive advantage
9780199285006		Sociology
9781118093733		Project management: a managerial approach
9780333945728		Introductory sociology
9781405158244		Project Management in Construction
9780385407083		Detective
9780958273312		Project management: planning and control techniques
9781412954969		Cartographies of knowledge: exploring qualitative epistemologies
9780717803026		German Ideology, Vol. 3
9781412954969		Cartographies of knowledge: exploring qualitative epistemologies
9780415681087		Sociology, work and organisation
9780708882788		Tool of the trade
9781847428370		The Well-being of children in the UK
9780745631257		Urban outcasts: a comparative sociology of advanced marginality
9780199609703		Global marketing management: changes, new challenges, and strategies
9781847428370		The Well-being of children in the UK
9780450510717		The long habit of living
9781554810482		The Broadview Anthology of British Literature, Concise Edition: v. A
9780230543034		The law and social work: contemporary issues for practice
9781847428370		The Well-being of children in the UK
9780323089449		Essentials of kinesiology for the physical therapist assistant
9781855212404		A philosophy of intellectual property
9780671721770		Bedlam Boyz
9780273711261		Tourism: principles and practice
9781884834851		Theories of childhood: an introduction to Dewey, Montessori, Erickson, Piaget and Vygotsky
9780385515047		The Appeal
9780521822039		Rising tide: gender equality and cultural change around the world
9780064671064		Introduction to sociology
9781904677024		The Assessment Handbook: The Complete Guide to the Successful Use of Assessment in Your School
9780335237784		An introduction to applying social work theories and methods
9780335212989		Assessment for learning: putting it into practice
9780273688013		The Business of Tourism Management
9780340974452		Active learning through formative assessment
9781849205719		Marketing: an introduction
9780007288441		Sociology A2 for AQA (Collins A Level Sociology)
9780340872581		Enriching feedback in the primary classroom: oral and written feedback from teachers and children
9780414022942		Effective legal research
9780414041844		Successful legal writing
9780745638409		Social theory: a historical introduction
9780415249577		Assessment and learning in the primary school
9780273753360		Marketing management
9780226774985		Pockets of crime: broken windows, collective efficacy, and the criminal point of view
9781844451432		Assessment for Learning and Teaching in Primary Schools (Achieving Qts)
9781412910514		Assessment for Learning: Theory, Policy and Practice
9780007245956		Sociology: themes and perspectives
9780761910619		Companion animals in human health
9780226775005		Pockets of Crime: Broken Windows, Collective Efficacy, and the Criminal Point of View
9780857023834		Assessment and learning
9781853028236		The essential groupworker: teaching and learning creative groupwork
9780415235914		Assessment: what's in it for schools?
9780749464615		The business plan workbook
9781903776759		The Assessment and Learning Pocketbook (Teachers' Pocketbooks)
9781883620141		Ethics in emergency medicine
9780226774985		Pockets of crime: broken windows, collective efficacy, and the criminal point of view
9780226774985		Pockets of crime: broken windows, collective efficacy, and the criminal point of view
9780335213795		Making formative assessment work: effective practice in the primary classroom
9781879557178		Man and His Symbols Audio Scholar Series
9780800615376		Texts of Terror: Literary-Feminist Readings of Biblical Narratives, Vol. 13
9780902130890		International Marketing Strategy (CIM Companions S.)
9780521669467		The Cambridge Illustrated History of Archaeology
9780199685677		Steiner & woods eu law
9780140211191		The architects of the Parthenon
9780761944218		Practitioner Research for Teachers
9780415695985		European Union law
9781412901123		Doing your early years research project: a step-by-step guide
9780857259516		Primary English: Teaching Theory and Practice
9780521250092		Forgotten children: parent-child relations from 1500 to 1900
9780312985028		Without a Trace: Inside the Robert Durst Case
9780394564753		On record: rock, pop, and the written word
9781853963957		Effective school leadership: responding to change
9780394564753		On record: rock, pop, and the written word
9781856693530		A world history of architecture
9781405114905		How to do a research project: a guide for undergraduate students
9780803620704		Conceptual foundations of occupational therapy practice
9780340907825		Formative assessment in action: weaving the elements together
9780213000547		Greek architecture
9780857029126		Introduction to Education Studies
9781907720635		The Euro In Danger
9780415276412		Hearing the voices of children: social policy for a new century
9780143034667		Ghost wars: the secret history of the CIA, Afghanistan, and bin Laden, from the Soviet invasion to September 10, 2001
9780736079662		Biomechanics of Sport and Exercise with Web Resource and Maxtraq 2D Software Access-3rd Edition
9780029109755		The end of history and the last man
9781446267332		Skills for social work practice
9781578862016		Policy-Making for Education Reform in Developing Countries: Contexts and Processes
9780883772478		Innovative approaches to language teaching
9780521078368		"Critique of Hegel's ""Philosophy of Right"" - Karl Marx - Hardcover"
9780521152365		International human rights law and practice
9780776603568		From Old English to Standard English: a course book in language variation across time
9780333735152		A short history of the Liberal Party, 1900-1997
9780749746254		Blazing Star
9780415447973		European Union Law
9781604068108		Hearing aids
9780415396370		Education and the family: passing success across the generations
9780231504720		Girls: Feminine Adolescence in Popular Culture & Cultural Theory
9780415040518		The rise of the Labour Party, 1893-1931
9780582353275		The decline of the Liberal Party, 1910-1931
9783035107043		Hybrid Identities
9781444156676		Early Years for Levels 4 & 5 and the Foundation Degree
9781405362979		RHS What Plant When
9781444178821		Working with families in children's centres and early years settings
9781412945806		Racisms: an introduction
9780273742975		Principles of marketing
9781118276334		Research for Evidence-Based Practice in Healthcare
9789186523275		Scandalous!: the mediated construction of political scandals in four Nordic countries
9780670033454		Leonardo da Vinci: the flights of the mind
9781408140512		Working with parents
9780028656724		International Encyclopedia of Marriage and the Family
9780853453406		Labor and monopoly capital: the degradation of work in the twentieth century
9781901698725		Ending child poverty by 2020: the first five years
9780815174707		Study guide Whaley & Wong's Essentials of pediatric nursing, fifth edition
9780632051588		The research process in nursing
9780801654220		Essentials of pediatric nursing
9780520044326		*Child abuse and neglect: cross-cultural perspectives
9780323053549		Clinical companion for Wong's essentials of pediatric nursing
9780415308854		Encyclopedia of Feminist Theories
9780801666506		Whaley and Wong's Essentials of Pediatric Nursing
9788476697351		El diario azul de Carlota
9780865423909		Animal behavior: an introduction to behavioral mechanisms, development, and ecology
9780333922248		Engineering Mathematics Through Applications
9781595141880		Thirteen Reasons Why
9780323053532		Wong's essentials of pediatric nursing
9780745622705		Myths at work
9781595141880		Thirteen Reasons Why
9780992709105		The Communication Friendly Spaces Approach: Re-Thinking Learning Environments for Children And Families
9780333676202		Sociology: issues and debates
9781446203231		Inclusion in the early years
9780333179550		Economic factors in population growth: proceedings of a conference held by the International Economic Association at Valescure, France
9780521495295		An introduction to post-colonial theatre
9780956432803		The Communication Friendly Spaces Approach: Improving Speaking, Listening, Emotional Well-Being and General Engagement
9780761948537		The sociology of work: continuity and change in paid and unpaid work
9788475563572		Manual para mujeres maltratadas (que quieren dejar de serlo): detectar y prevenir la violencia de género
9780199271306		International law and the use of force
9781843102106		SUPPORTING PARENTS: MESSAGES FROM RESEARCH
9781446208892		Social work: an introduction
9780192632470		Bandolier's little book of pain
9780735691315		Agile Project Management with Scrum
9780882441986		Tourism: Principles, Practices and Philosophies
9780787980443		Creating a Mentoring Culture: The Organization's Guide
9780745639215		Media, Society, World: Social Theory and Digital Media Practice
9780333649985		The origins of the British welfare state: society, state, and social welfare in England and Wales, 1800-1945
9780618133857		Modern East Asia: from 1600: a cultural, social, and political history
9780709950394		Listening to parents: an approach to the improvement of home-school relations
9781133606499		East Asia: A Cultural, Social, and Political History:  Volume II: From 1600
9780618133871		China: A Cultural, Social and Political History: China
9780333672068		Mass Media (Skills-based Sociology)
9781133606499		East Asia: A Cultural, Social, and Political History:  Volume II: From 1600
9780618133840		East Asia: A Cultural, Social and Political History: Complete
9780950356983		Managing project interfaces - key points for project success
9781857756494		The Good Mentoring Toolkit For Healthcare
9781857411331		Effective partnerships with parents: in early years settings
9781934009307		Embedded formative assessment
9780415430357		Advertising and New Media
9780691125435		The politics of the veil
9780333643419		Media power: a sociological introduction
9781285763880		Cognitive Psychology: Connecting Mind, Research and Everyday Experience
9780415916332		Materialist feminism: a reader in class, difference, and women's lives
9780736049078		Methods of group exercise instruction: [basic moves demonstrated on DVD]
9780415119429		Anglo-American relations in the twentieth century: of friendship, conflict, and the rise and decline of superpowers
9780521713368		The Nature and Authority of Precedent
9780130404619		Feminist Perspectives in Sociology (Feminist Perspectives Series)
9780292747159		American films of the 70s: conflicting visions
9780495599012		Cengage Advantage Books: Sociology
9780070319905		Criminology
9781111829575		Cengage Advantage Books: Sociology
9780571069507		Lord of the flies: a novel
9780815652595		Imagined identities: identity formation in the age of globalization
9780631197836		Politics and the mass media
9781847629074		KS2 English SAT buster: grammar
9780745628431		Media democracy: how the media colonize politics
9780393975802		Beowulf--a verse translation: authoritative text, contexts, criticism
9780070319905		Criminology
9780761961994		The New Media and Politics
9780393975802		Beowulf--a verse translation: authoritative text, contexts, criticism
9780631206538		Film theory: an introduction
9780745625492		Political scandal: power and visibility in the media age
9781856423038		Fundamental Aspects of the Caring for the Person with Dementia
9780849310454		Footwear Impression Evidence Detection, Recovery and Examination, Second Edition
9780415018104		Readings from Karl Marx
9781844451746		Studying for Your Social Work Degree (Transforming Social Work Practice)
9780745610047		The media and modernity: a social theory of the media
9781420064933		Forensic Science An Introduction to Scientific and Investigative Techniques, Third Edition
9780702177309		Introduction to health services management
9780849316913		Techniques of crime scene investigation
9781844450190		Communication And Interpersonal Skills in Social Work (Transforming Social Work Practice S.)
9780113223091		Working Together to Safeguard Children: A Guide to Inter-agency Working to Safeguard and Promote the Welfare of Children
9780702177309		Introduction to health services management
9780849316913		Techniques of crime scene investigation
9780495006831		Sociology: the essentials
9780199285006		Sociology
9780495006831		Sociology: the essentials
9781857752458		Practical Psychiatry of Old Age: F Old Age
9780199696406		Law for social workers
9780321116390		International economics: theory and policy
9780600375562		The Roman forum
9781849204965		Key concepts in health psychology
9781857411331		Effective partnerships with parents: in early years settings
9781849204132		The Sociology of Work: Continuity and Change in Paid and Unpaid Work
9780230579354		Strategy and human resource management
9780321739759		Campbell biology
9781905818433		Parents, early years and learning: parents as partners in the early years foundation stage ; principles into practice
9780889611597		Private lives and public policy: one hundred years of state intervention in the family /$cJane Ursel
9780810910225		Roman Architecture - J. B. Ward-Perkins - Hardcover
9781854333100		Dyslexia, literacy and psychological assessment
9780749453923		Armstrong's handbook of performance management: an evidence-based guide to delivering high performance
9780199646401		Medical law and ethics
9780803625792		Physical rehabilitation
9780321060815		Principles of managerial finance: brief
9781783350179		WikiLeaks: Inside Julian Assange's War on Secrecy
9781248275870		Archives G N Rales de M Decine...
9780849381263		Principles of Bloodstain Pattern Analysis: Theory and Practice
9781604068108		Hearing aids
9780803602052		Fundamentals of mental health nursing
9780736037525		Imagery in Sport: The Mental Approach to Sport
9781612341125		Population decline and the remaking of great power politics
9781137396341		Friendship and International Relations
9780335218332		Introduction to Epidemiology (Understanding Public Health)
9781853465819		Professional issues for teachers and student teachers
9780205806584		Government in America: People, Politics, and Policy, Brief Edition
9780385475129		The rainmaker
9781903776612		The Primary Teacher's Pocketbook (Teachers' Pocketbooks)
9780385497480		The  brethren
9780335192489		Promoting health in old age: critical issues in self health care
9780099244028		Britain on the Couch: Why We're Unhappier Compared with 1950, Despite Being Richer - A Treatment for the Low-serotonin Society
9780553698664		A Painted House/The Brethren 36 Copy Mixed Audio Floor Display
9780199548873		Strategy in the contemporary world: an introduction to strategic studies
9780132001076		Introduction to psychology for nurses
9781847624260		AS/A2 Level Sociology AQA Complete Revision & Practice
9781586483098		All God's Children: The Tragic True Story of the Thantos Street Family and the Troubling Spread of Street Family Culture Across America
9780712677875		The Runaway Jury (Airport Only)
9780595007523		Corporate Mergers and Acquisitions: A Case Study: An Undergraduate and Graduate Student's Perspective
9780781782913		Optimum performance training for the health and fitness professional: course manual
9780781780575		The essential physics of medical imaging
9781405000994		The Writer's Handbook: Guide to Crime Writing
9780443062520		Textbook of Pain
9780443072871		Wall and Melzack's textbook of pain
9780443072017		"Handbook of pain management: a clinical companion to Wall and Melzack's ""Textbook of pain"""
9781844131594		The last juror
9780443072871		Wall and Melzack's textbook of pain
9781856491051		Women and the family
9781407058962		The Broker
9780815652595		Imagined identities: identity formation in the age of globalization
9780312162450		Theories of international relations
9780739343821		The Partner
9781582555539		Nursing Care Planning Made Incredibly Easy!
9780385424714		The client
9780745623771		GENDER
9780114703837		Civil aircraft airworthiness data recording programme: special events relating to airspeed control and handling (January 1968 to February 1969)
9780333291788		Girls, wives, factory lives
9780781782913		Optimum performance training for the health and fitness professional: course manual
9789621714121		The chamber
9780140143379		The New modern sociology readings
9780262516518		Half-real: video games between real rules and fictional worlds
9788774148098		Virksomhedsøkonomi A1
9780553070286		The difference engine
9781844450879		Sociology and Social Work (Transforming Social Work Practice)
9780335235995		Principles And Practice Of Managing Pain a guide for nurses and allied health professionals
9781781000441		Research handbook of comparative employment relations
9780002167802		Eventing: the book of the three-day event
9780803958197		Inter Views: An Introduction to Qualitative Research Interviewing
9780736002264		Infant motor development
9788843534432		Bernini: the sculptor of the Roman Baroque
9780199583409		Business Research Methods. Alan Bryman, Emma Bell
9780312370282		Event
9780043000526		Across the generations: old people and young volunteers
9781595230898		Patriot's History of the Modern World, Vol. I: From America's Exceptional Ascent to the Atomic Bomb: 1898-1945
9781844450749		Service User And Carer Participation in Social Work (Transforming Social Work Practice)
9780345913777		Legend
9781459406254		Gang life: 10 of the toughest tell their stories
9780135860656		Models of teaching
9781848601970		Mathematics explained for primary teachers
9781631597299		HOSPITALITY 101 TOOLS OF THE TRADE
9781444334432		Fundamentals of anatomy and physiology for student nurses
9780393929218		Introduction to sociology
9780099261414		The first chronicles of Druss the Legend
9780105506867		Tourism: Minutes of Evidence, Tuesday 9 July 1996: [Hc]: [1995-96]: House of Commons Papers: [1995-96]
9780262530071		Aspects of the Theory of Syntax
9780586203811		Servant of the Empire
9780721689890		A practical guide to health assessment/ Marilyn Shelley Leasia, Frances Donovan Monahan
9780553561180		Mistress of the empire
9780807014080		Maternal thinking: toward a politics of peace
9780718511364		Hunters, gatherers and first farmers beyond Europe: an archaeological survey
9780886774448		The madness season
9781873640340		Consumer satisfaction research in tourism and hospitality
9780838417058		Teaching language in context
9780253347923		Approaches to Meaning in Music (Musical Meaning and Interpretation)
9780933452909		Last hunters, first farmers: new perspectives on the prehistoric transition to agriculture: [papers from a seminar held June 1992 at the School of American Research]
9780831400347		The Gestalt Approach and Eye Witness to Therapy
9780099606901		In Conquest Born
9780199575060		Stalin's last generation: Soviet post-war youth and the emergence of mature socialism
9781444168204		AQA business studies for A2
9780521662031		Europe's first farmers
9780246132666		Dayworld rebel
9781292015491		Criminal law
9780230521308		The postgraduate research handbook: succeed with your MA, MPhil, EdD and PhD
9780335204021		Special educational needs, inclusion and diversity: a textbook
9780521444996		Mental Spaces: Aspects of Meaning Construction in Natural Language
9780521403771		Rethinking the Neolithic
9780246132260		Daughter of the empire
9780230542594		Decentring dancing texts: the challenge of interpreting dances
9780857028655		Developing research proposals
9780061344909		Talking to the enemy: faith, brotherhood, and the (un)making of terrorists
9780335192946		Race, culture, and counselling
9781405858809		Criminal justice
9780262230032		Language, thought, and reality: selected writings of Benjamin Lee Whorf
9781416989417		Hush, hush
9780631177692		The domestication of Europe: structure and contingency in neolithic societies
9780415628938		Criminology (Volume 1)
9780761944584		WORKING AT RELATIONAL DEPTH IN COUNSELLING AND PSYCHOTHERAPY
9788772410203		The Bayeux Tapestry: and the Battle of Hastings 1066
9780203464977		Just who do we think we are? methodologies for autobiography and self-study in teaching
9780030662300		Petishism; pets and their people in the Western World
9780761919711		Qualitative Research & Evaluation Methods: Integrating Theory and Practice
9780521460620		Mappings in thought and language
9780521620802		Contending Visions of the Middle East: The History and Politics of Orientalism
9780789716675		Using Visual C++
9781405152969		A dictionary of linguistics and phonetics
9780722132043		The HAB theory
9781849201957		An Primary English Teaching: An Introduction to Language, Literacy and Learning
9781285763880		Cognitive Psychology: Connecting Mind, Research and Everyday Experience
9781405152969		A dictionary of linguistics and phonetics
9780385293228		The Talbot odyssey: a novel
9780415532600		The myth of the untroubled therapist: private life, professional practice
9780273732587		Sport pedagogy: an introduction for teaching and coaching
9780806123646		The origins of agriculture and settled life
9780686300144		Musical Interpretation: Its Laws and Principles
9780394725673		Creative process in Gestalt therapy
9780722129715		The  outposter
9780313321504		Teen Gangs (A World View of Social Issues Series): A Global View
9780702035531		Anatomy and human movement: structure and function
9780425043233		The Man in the High Castle
9780419252009		Sport, health and drugs: a critical sociological perspective
9780156512695		The liberal tradition in America: an interpretation of American political thought since the Revolution
9780879975340		Tactics of Mistake
9780387224176		In Sync with Adolescence: The Role of Morningness-eveningness in Development
9780674019300		Bitter fruit: the story of the American coup in Guatemala
9780722129906		Way of the pilgrim
9780708849552		Wolf and iron
9781416552406		Securing the city: inside America's best counterterror force: the NYPD
9780471199236		Abnormal psychology: an experimental clinical approach
9782940411870		Basics Fashion Management 02: Fashion Promotion: Building a Brand Through Marketing and Communication
9780105456964		Education Act 1996: Elizabeth II. Chapter 56
9788473864091		Babel-17
9780671887247		The science of desire: the search for the gay gene and the biology of behavior
9780789160881		Macbeth
9781555940812		The Regiment's War
9780702043581		Anatomy and Physiology for Nurses: With Pageburst Access
9780781770521		Resource Manual for Nursing Research: Generating and Assessing Evidence for Nursing Practice
9781285067537		Exercises in helping skills: a manual to accompany The Skilled Helper: a problem-management and opportunity-development approach to helping, tenth edition, Gerard Egan
9780851707587		American independent cinema: a sight and sound reader
9780812534740		Varkaus Conspiracy
9780765616869		Qualitative research approaches for public administration
9781849206006		Diversity, equality and achievement in education
9780333912850		Sport in consumer culture
9780470867747		Sexual offender treatment: controversial issues
9780786426485		"The transforming draught: ""Jekyll and Hyde"", Robert Louis Stevenson and the Victorian alcohol debate"
9781847060167		T. S. Eliot: a guide for the perplexed
9780495604310		The Skilled Helper: A Problem-management and Opportunity-development Approach to Helping
9780099526780		Brunelleschi's dome: the story of the great cathedral in Florence
9780415564625		Teaching and Learning in Diverse and Inclusive Classrooms: Key Issues for New Teachers
9780862994693		Towns and townspeople in the fifteenth century
9780815798422		Winning Ugly: NATO's War to Save Kosovo
9780393316148		American exceptionalism: a double-edged sword
9780521781305		Author's Pen and Actor's Voice: Playing and Writing in Shakespeare's Theatre
9780471950813		Store wars: the battle for mindspace and shelfspace
9780273722519		Essentials of Economics and MEL Math XL Pack
9780671698805		The white regiment
9780691119939		Theory of games and economic behavior
9780044406716		Oranges are not the only fruit
9781843103356		Counselling Adult Survivors of Child Sexual Abuse
9780205003785		Society: The Basics - 11th Edition
9782266009829		L'Homme Terminal/Terminal Man
9780256113792		Foundations of Inventory Management
9780896086296		Feminism is for Everybody: Passionate Politics / Bell Hooks
9780060540791		Prey novel
9780748768370		Good Practice in Caring for Young Children With Special Needs (Good Practice in)
9780683171884		McCaffery on pain nursing assessment and pharmacologic intervention in adults
9780710080363		The architecture of the Renaissance
9780136080404		Supply chain management: strategy, planning, and operation
9780345328243		Expedition to Earth: eleven science-fiction stories
9780131730427		Supply chain management: strategy, planning, and operation
9780198762768		Administrative law and government action: the courts and alternative mechanisms of review
9780140123210		Charon: a dragon at the gate
9780135731147		The essence of total quality management
9780135731147		The essence of total quality management
9788190675734		Definitional Glossary of Agricultural Terms: v. 1
9780135731147		The essence of total quality management
9780141187440		The God Boy (Penguin Modern Classics)
9780395964262		Child and adolescent development
9780736064675		Foundations of Sport and Exercise Psychology w/Web Study Guide-4th Edition
9780415484053		Writing under control
9780136080404		Supply chain management: strategy, planning, and operation
9780140123227		Medusa: A Tiger by the Tail (Four Lords of the Diamond)
9780004709000		Collins college thesaurus
9780345293695		The four lords of the diamond
9780340983256		Get me a murder a day!: a history of media and communication in Britain
9781405179034		Employee engagement: tools for analysis, practice, and competitive advantage
9780471911852		Theory of games and economic behaviour
9780880118248		Foundations of sport and exercise psychology
9780393319804		The Greatest Benefit to Mankind: A Medical History of Humanity from Antiquity to the Present
9781599413266		Administrative Law (Concepts and Insights)
9780136080404		Supply chain management: strategy, planning, and operation
9780345311221		Cerberus: Wolf in Fold
9780075527619		Students' guide to accompany Sociology: an introduction, first Canadian edition, Richard T. Schaefer, Robert P. Lamm, Penny Biles, Susannah J. Wilson
9780471690597		Mr. Playboy: Hugh Hefner and the American dream
9780393319804		The Greatest Benefit to Mankind: A Medical History of Humanity from Antiquity to the Present
9780072290707		World class supply management: the key to supply chain management
9780901944931		Choice Discovered: A Training Resource Pack
9780292747319		Driving Visions: Exploring the Road Movie
9780955117909		ISMIR 2005: 6th International Conference on Music Information Retrieval: Proceedings: variation 2: Queen Mary, University of London & Goldsmiths College, University of London, 11-15 September, 2005
9781608190362		The spirit level: why greater equality makes societies stronger
9780683079227		Stedman's medical dictionary
9780745650081		An introduction to sociology
9781846428081		Safeguarding children and schools
9780752419985		The battle of Hastings, 1066
9780199285006		Sociology
9780205902354		Thinking through communication: an introduction to the study of human communication
9781783200672		Open Roads, Closed Borders The Contemporary French-language Road Movie
9780131523579		Teaching content to English language learners: strategies for secondary school success
9780618883424		The headmaster's dilemma
9780203595015		Environmental hazards assessing risk and reducing disaster
9780131523579		Teaching content to English language learners: strategies for secondary school success
9780292747319		Driving Visions: Exploring the Road Movie
9780857853066		Fashion media: past and present
9781848608849		Mathematics through play in the early years
9780304701193		English: one language, different cultures
9780203137420		The road movie book
9780304701193		English: one language, different cultures
9780199583409		Business Research Methods. Alan Bryman, Emma Bell
9780387490090		Healthcare knowledge management issues, advances, and successes
9780500282380		Fashion Asia - Douglas Bullis - Paperback
9780582344587		Common mistakes in English: with exercises
9781446254608		Introducing qualitative research: a student's guide
9780813119359		The emergence of standard English
9781403945112		Naughty boys: anti-social behavior, ADHD, and the role of culture
9780415670104		The trouble with maths: a practical guide to helping learners with numeracy difficulties
9780807754047		Interviewing as qualitative research: a guide for researchers in education and the social sciences
9780472031344		Why is English like that?: historical answers to hard ELT questions
9789024417360		Praktijkgerichte ontwikkelingspsychologie: van wieg tot hangplek: de ontwikkeling van 0- tot 18-jarigen
9781905319268		The BSAVA textbook of veterinary nursing
9780415686631		Comparative Employment Relations: In the Global Economy
9780195342000		Exploring ethics: an introductory anthology
9780199644186		Public law: text, cases, and materials
9780745643571		Sociology
9780571228126		The classical style: Haydn, Mozart, Beethoven
9781780745442		Breadline Britain: The Rise of Mass Poverty
9780131971387		Foundations of Biopsychology (2nd Edition)
9781843035794		Science in Action (Folens Primary)
9780435499099		BTEC National Children's Care, Learning and Development Student Book
9781401941895		Treasure yourself: power thoughts for my generation
9780805081954		Through the language glass: why the world looks different in other languages
9780761948872		Qualitative Organizational Research: Core Methods and Current Challenges
9780195145052		Mulliken and Young's vascular anomalies: hemangiomas and malformations
9780230362239		Theories of international relations
9780340663110		Second language learning theories
9781446295434		Interpreting qualitative data
9789960545172		al-ʻĀʼidah
9781556425301		Occupational therapy: performance, participation, and well-being
9780534203160		Gendered lives: communication, gender, and culture
9789993184805		Market Orientation
9780415428873		The applied theatre reader
9781452275727		InterViews: Learning the Craft of Qualitative Research Interviewing
9780300101386		Fashion at the Edge: Spectacle, Modernity and Deathliness
